{
    "$schema": "https://schema.management.azure.com/schemas/2015-01-01/deploymentTemplate.json#",
    "contentVersion": "1.0.0.0",
    "parameters": {
        "appId": {
            "type": "string",
            "metadata": {
                "description": "Active Directory App ID, set as MicrosoftAppId in the Web App's Application Settings."
            }
        },
        "appSecret": {
            "type": "string",
            "metadata": {
                "description": "Active Directory App Password, set as MicrosoftAppPassword in the Web App's Application Settings."
            }
        },
        "botId": {
            "type": "string",
            "metadata": {
                "description": "The globally unique and immutable bot ID. Also used to configure the displayName of the bot, which is mutable."
            }
        },
        "botSku": {
            "defaultValue": "F0",
            "type": "string",
            "metadata": {
                "description": "The pricing tier of the Bot Service Registration. Acceptable values are F0 and S1."
            }
        },
        "newAppServicePlanName": {
            "type": "string",
            "defaultValue": "",
            "metadata": {
                "description": "The name of the new App Service Plan."
            }
        },
        "newAppServicePlanSku": {
            "type": "object",
            "defaultValue": {
                "name": "S1",
                "tier": "Standard",
                "size": "S1",
                "family": "S",
                "capacity": 1
            },
            "metadata": {
                "description": "The SKU of the App Service Plan. Defaults to Standard values."
            }
        },
        "appServicePlanLocation": {
            "type": "string",
            "metadata": {
                "description": "The location of the App Service Plan."
            }
        },
        "existingAppServicePlan": {
            "type": "string",
            "defaultValue": "",
            "metadata": {
                "description": "Name of the existing App Service Plan used to create the Web App for the bot."
            }
        },
        "newWebAppName": {
            "type": "string",
            "defaultValue": "",
            "metadata": {
                "description": "The globally unique name of the Web App. Defaults to the value passed in for \"botId\"."
            }
        }
    },
    "variables": {
        "defaultAppServicePlanName": "[if(empty(parameters('existingAppServicePlan')), 'createNewAppServicePlan', parameters('existingAppServicePlan'))]",
        "useExistingAppServicePlan": "[not(equals(variables('defaultAppServicePlanName'), 'createNewAppServicePlan'))]",
        "servicePlanName": "[if(variables('useExistingAppServicePlan'), parameters('existingAppServicePlan'), parameters('newAppServicePlanName'))]",
        "publishingUsername": "[concat('$', parameters('newWebAppName'))]",
        "resourcesLocation": "[parameters('appServicePlanLocation')]",
        "webAppName": "[if(empty(parameters('newWebAppName')), parameters('botId'), parameters('newWebAppName'))]",
        "siteHost": "[concat(variables('webAppName'), '.azurewebsites.net')]",
        "botEndpoint": "[concat('https://', variables('siteHost'), '/api/messages')]"
    },
    "resources": [
        {
            "comments": "Create a new Linux App Service Plan if no existing App Service Plan name was passed in.",
            "type": "Microsoft.Web/serverfarms",
            "apiVersion": "2016-09-01",
            "name": "[variables('servicePlanName')]",
            "location": "[variables('resourcesLocation')]",
            "sku": "[parameters('newAppServicePlanSku')]",
            "kind": "linux",
            "properties": {
                "name": "[variables('servicePlanName')]",
                "perSiteScaling": false,
                "reserved": true,
                "targetWorkerCount": 0,
                "targetWorkerSizeId": 0
            }
        },
        {
            "comments": "Create a Web App using a Linux App Service Plan",
            "type": "Microsoft.Web/sites",
            "apiVersion": "2016-08-01",
            "name": "[variables('webAppName')]",
            "location": "[variables('resourcesLocation')]",
            "dependsOn": [
                "[resourceId('Microsoft.Web/serverfarms', variables('servicePlanName'))]"
            ],
            "kind": "app,linux",
            "properties": {
                "enabled": true,
                "hostNameSslStates": [
                    {
                        "name": "[concat(parameters('newWebAppName'), '.azurewebsites.net')]",
                        "sslState": "Disabled",
                        "hostType": "Standard"
                    },
                    {
                        "name": "[concat(parameters('newWebAppName'), '.scm.azurewebsites.net')]",
                        "sslState": "Disabled",
                        "hostType": "Repository"
                    }
                ],
                "serverFarmId": "[resourceId('Microsoft.Web/serverfarms', variables('servicePlanName'))]",
                "reserved": true,
                "scmSiteAlsoStopped": false,
                "clientAffinityEnabled": false,
                "clientCertEnabled": false,
                "hostNamesDisabled": false,
                "containerSize": 0,
                "dailyMemoryTimeQuota": 0,
                "httpsOnly": false,
                "siteConfig": {
                    "appSettings": [
                        {
                            "name": "MicrosoftAppId",
                            "value": "[parameters('appId')]"
                        },
                        {
                            "name": "MicrosoftAppPassword",
                            "value": "[parameters('appSecret')]"
                        },
                        {
                            "name": "SCM_DO_BUILD_DURING_DEPLOYMENT",
                            "value": "true"
                        }
                    ],
                    "cors": {
                        "allowedOrigins": [
                            "https://botservice.hosting.portal.azure.net",
                            "https://hosting.onecloud.azure-test.net/"
                        ]
                    }
                }
            }
        },
        {
            "type": "Microsoft.Web/sites/config",
            "apiVersion": "2016-08-01",
            "name": "[concat(variables('webAppName'), '/web')]",
            "location": "[variables('resourcesLocation')]",
            "dependsOn": [
                "[resourceId('Microsoft.Web/sites', variables('webAppName'))]"
            ],
            "properties": {
                "numberOfWorkers": 1,
                "defaultDocuments": [
                    "Default.htm",
                    "Default.html",
                    "Default.asp",
                    "index.htm",
                    "index.html",
                    "iisstart.htm",
                    "default.aspx",
                    "index.php",
                    "hostingstart.html"
                ],
                "netFrameworkVersion": "v4.0",
                "phpVersion": "",
                "pythonVersion": "3.8.3",
                "nodeVersion": "",
                "linuxFxVersion": "PYTHON|3.8",
                "requestTracingEnabled": false,
                "remoteDebuggingEnabled": false,
                "remoteDebuggingVersion": "VS2017",
                "httpLoggingEnabled": true,
                "logsDirectorySizeLimit": 35,
                "detailedErrorLoggingEnabled": false,
                "publishingUsername": "[variables('publishingUsername')]",
                "scmType": "None",
                "use32BitWorkerProcess": true,
                "webSocketsEnabled": false,
                "alwaysOn": false,
                "appCommandLine": "gunicorn --bind 0.0.0.0 --worker-class aiohttp.worker.GunicornWebWorker --timeout 600 app:APP",
                "managedPipelineMode": "Integrated",
                "virtualApplications": [
                    {
                        "virtualPath": "/",
                        "physicalPath": "site\\wwwroot",
                        "preloadEnabled": false,
                        "virtualDirectories": null
                    }
                ],
                "winAuthAdminState": 0,
                "winAuthTenantState": 0,
                "customAppPoolIdentityAdminState": false,
                "customAppPoolIdentityTenantState": false,
                "loadBalancing": "LeastRequests",
                "routingRules": [],
                "experiments": {
                    "rampUpRules": []
                },
                "autoHealEnabled": false,
                "vnetName": "",
                "minTlsVersion": "1.2",
                "ftpsState": "AllAllowed",
                "reservedInstanceCount": 0
            }
        },
        {
            "apiVersion": "2021-03-01",
            "type": "Microsoft.BotService/botServices",
            "name": "[parameters('botId')]",
            "location": "global",
            "kind": "azurebot",
            "sku": {
                "name": "[parameters('botSku')]"
            },
            "properties": {
                "name": "[parameters('botId')]",
                "displayName": "[parameters('botId')]",
                "iconUrl": "https://docs.botframework.com/static/devportal/client/images/bot-framework-default.png",
                "endpoint": "[variables('botEndpoint')]",
                "msaAppId": "[parameters('appId')]",
                "luisAppIds": [],
                "schemaTransformationVersion": "1.3",
                "isCmekEnabled": false,
                "isIsolated": false
            },
            "dependsOn": [
                "[resourceId('Microsoft.Web/sites/', variables('webAppName'))]"
            ]
        }
    ]
}